#Model fitted to experimental profiles on 10, Jul 2017, 13:31:11
#Profile name: gg_601_BS_a
#Fitted model type: Gaussian
#Fitting constraints:SAFA
#Fitting errors:
#RMSD exp vs fit=33.851588
#Relative RMSD exp vs fit=7.652408 %
#Relative area RMSD=0.439872 %
#Max relative peak area error=0.774393 %
#Data column description
#Intensity - total deconvoluted intensity of each band (coefficient before Gaussian or Lorentzian function,area under the individual Gaussian/Lorentzian curve)
#Site - DNA site corresponding to the band (cleaved site)
#area_dev_percent - % difference in area under each peak between fitted curve and original data (the segment used to calculate are for each peak starts and ends at the midpoints between the neighboring peaks)
#sigma or gamma_2 - the width parameter of the functions modeling each band, sgima if Gaussain ,gamma/2 if Lorentzian
#x_0 - position of the Gaussian/Lorentzian modeling each band on the original profile
,Intensity,Site,area_dev_percent,sigma,x_0
0,40136.3487103,33A,-0.386888066081,21.416113239,2518.6322779
1,48292.2643271,34C,0.632429430251,21.7556152172,2458.09749216
2,45207.6293775,35T,0.0869896761257,22.7101627926,2395.17730378
3,40152.0497203,36A,-0.0585556183601,23.3132044614,2327.93569317
4,32747.8976693,37G,0.205870734232,23.8353702404,2260.77842435
5,24279.2633491,38G,0.519981583803,23.9893248075,2189.86798201
6,20164.126425,39G,0.548799965153,23.1391475057,2121.62900039
7,24753.1411417,40A,0.557387741141,22.9362961642,2056.6920584
8,33834.2813988,41G,0.631866586936,22.8320028886,1989.87834721
9,39187.6738753,42T,0.547205910963,21.8908881116,1925.67418874
10,43034.7635568,43A,0.394346222661,21.0764182091,1865.47292113
11,46863.25002,44A,0.400877079874,20.7574643821,1806.99137633
12,43824.1071962,45T,0.456512621176,20.5767613486,1749.03113633
13,31975.6881995,46C,0.362153502262,19.8880565613,1691.8192439
14,25356.7900699,47C,0.462706830458,19.4668680871,1638.69796899
15,18763.3188554,48C,0.425853709516,20.3739798561,1584.4454234
16,16187.4266388,49C,0.51928243236,21.8772139759,1524.95061621
17,17309.1276597,50T,0.517685233195,21.2556035794,1460.13607429
18,17115.8389667,51T,0.541444727004,19.4016499301,1405.00881481
19,27013.7166728,52G,0.400216332156,19.0577387673,1353.22048841
20,38027.3202379,53G,0.367026112946,18.7840002548,1300.50961131
21,42428.7762665,54C,0.400665316015,18.336947607,1250.64462149
22,42330.8131393,55G,0.612980342314,18.5122984204,1201.0748176
23,39562.2860084,56G,0.755728378804,18.4111540657,1149.97778107
24,32890.5868399,57T,0.61297042576,17.8297790487,1101.11863582
25,23286.2045219,58T,0.622287666094,17.3930740327,1054.1064459
26,19332.9914529,59A,0.761727232407,16.4512976805,1008.31566951
27,17770.0637631,60A,0.746773969362,15.8112902087,967.920571528
28,19456.0025575,61A,0.518318941615,15.9745507018,926.626604041
29,26138.7049345,62A,0.394320812964,15.7718303372,885.08440814
30,30208.901122,63C,0.414347411746,15.6952006309,845.214790805
31,30328.4356618,64G,0.372176564207,16.1955953713,804.211009158
32,32586.3382123,65C,0.0456164733827,15.8640344698,760.825527366
33,24498.3799481,66G,0.175512419936,15.5264035402,722.151352917
34,18785.9777355,67G,0.241779706801,15.7691558938,681.138127443
35,14706.9939699,68G,0.0508483300613,15.4440279264,640.758330807
36,10826.8120748,69G,-0.148756131884,15.1528288216,602.029513565
37,10781.9389829,70G,0.152416681145,14.8194323195,563.695734801
38,11140.4035391,71A,0.227253773003,14.252441564,527.30942202
39,15654.0875461,72C,-0.0326358360615,14.1191866717,492.959423427
40,18666.4451756,73A,-0.0821615239408,14.0177509379,457.509383755
41,20900.1754537,74G,0.169761403239,14.1608753242,423.872091076
42,24550.0768771,75C,0.774393061329,13.9843664132,387.416433436
43,22351.5672871,76G,0.471800678887,13.7605107831,355.019324468
44,24990.6458114,77C,0.481237462984,13.6604685411,320.136517199
45,19343.387134,78G,0.199927031623,13.343908297,288.442323219
46,16755.0868932,79T,-0.200359147469,13.3263879006,255.7837258
47,14246.9790179,80A,-0.121135698236,13.5905735754,224.212633311
48,11241.8044031,81C,0.0339426033243,14.0095381827,189.697819292
