#Model fitted to experimental profiles on 24, Feb 2017, 17:49:51
#Profile name: scCSE4_601TA_TS
#Fitted model type: Gaussian
#Fitting constraints:dSIGMA>=0
#Fitting errors:
#RMSD exp vs fit=12.857347
#Relative RMSD exp vs fit=8.545857 %
#Relative area RMSD=0.694419 %
#Max relative peak area error=3.188009 %
#Data column description
#Intensity - total deconvoluted intensity of each band (coefficient before Gaussian or Lorentzian function,area under the individual Gaussian/Lorentzian curve)
#Site - DNA site corresponding to the band (cleaved site)
#area_dev_percent - % difference in area under each peak between fitted curve and original data (the segment used to calculate are for each peak starts and ends at the midpoints between the neighboring peaks)
#sigma or gamma_2 - the width parameter of the functions modeling each band, sgima if Gaussain ,gamma/2 if Lorentzian
#x_0 - position of the Gaussian/Lorentzian modeling each band on the original profile
,Intensity,Site,area_dev_percent,sigma,x_0
0,15453.4693332,49G,-0.00654433780137,4.15795419001,60.9694109231
1,13622.1276143,50C,-0.0278800112185,4.24455716294,70.2441325971
2,10455.8503377,51T,-0.0838629729647,4.41016081325,79.2079134415
3,7188.23719582,52C,-0.0708844701029,4.41035503113,89.1639748376
4,4804.47198903,53T,0.0634794618466,4.4103550773,98.980642368
5,4058.02577969,54A,-0.00660479378841,4.41035507762,108.085498983
6,5041.89728297,55G,-0.00531796895346,4.41035509815,116.676304866
7,7198.31993598,56C,-0.0262743506888,4.41035509816,125.202615585
8,10148.3954468,57A,-0.0450424060327,4.41035512359,134.243851898
9,15077.1313643,58C,2.20546579425e-05,4.41035512392,143.669335975
10,15475.3007567,59C,0.0460479537757,4.41035514925,153.280248221
11,13955.7830044,60G,-0.011533170359,4.41226938898,163.447858961
12,11561.1846045,61C,0.0154476813498,4.41233038725,173.618786684
13,7043.21950853,62T,0.0530402921543,4.45571125065,184.16805444
14,4891.3288776,63T,0.038660668597,4.59022978379,195.213907166
15,3960.73718391,64A,0.0276222251616,4.72644293087,206.555794209
16,4068.38727896,65A,0.0317278135065,4.76012415929,218.025574346
17,5087.50274333,66A,0.0574450746792,4.76017680004,228.501142804
18,7363.22221683,67C,0.0398658568957,4.76017681408,238.459915896
19,11737.2895681,68G,0.10966361133,4.76017685445,249.177142386
20,15373.8574996,69C,0.134223733631,4.76017692592,260.339899191
21,12131.0303853,70A,0.117081585679,4.76851216135,271.912084656
22,11568.9385411,71C,0.147483792054,4.81793029549,283.344877078
23,8689.50710316,72G,0.179546285426,4.84507952893,296.066607504
24,5223.02475072,73T,0.172534455974,4.95148496222,308.530147018
25,4314.24702002,74A,0.149545341632,5.09365367892,320.95059126
26,3895.65888537,75C,0.175688668043,5.19827570143,333.90784434
27,5344.75236982,76G,0.134440735137,5.22494758733,346.629465779
28,8922.09367521,77C,0.113322224064,5.22948511142,358.857322676
29,12068.6763192,78G,0.124577631738,5.22949574713,372.057705171
30,16269.5444798,79C,0.085116023178,5.22949604007,385.869429782
31,14600.7618556,80T,0.0670018828521,5.22949609154,399.579110287
32,13389.454448,81G,0.0386238523007,5.2295014176,413.770025312
33,11179.5605957,82T,0.027046303547,5.22952821451,427.676807125
34,7000.86430737,83C,0.0203453191391,5.27555664995,442.371046064
35,4447.26971791,84T,-0.0814625580768,5.47304443111,457.137607983
36,3076.07272689,85A,-0.0297827163354,5.66517677631,472.50455267
37,3831.37728384,86C,0.00892551222527,5.74016587364,488.410984705
38,6073.56910395,87C,0.0277271726591,5.74371847634,503.554841022
39,9227.81520142,88G,0.0646538995097,5.74374523777,518.85050082
40,14516.9835555,89C,0.124955255825,5.74374583743,534.88867611
41,13970.9441735,90G,0.129261134109,5.74374703427,551.637444113
42,14086.2243072,91T,0.127730228803,5.74406525069,568.330372511
43,9833.64983418,92T,0.108486757187,5.81452701946,585.769166578
44,6681.07570062,93T,0.195525283601,5.94093858714,603.727560918
45,4666.11209547,94T,0.191940863932,6.11147407738,621.48500486
46,2640.64499881,95A,0.188976854491,6.34048591643,640.64313619
47,2996.43169766,96A,0.202740025927,6.46328530121,659.138237863
48,5124.30648857,97C,0.201092138358,6.46813158019,677.850892186
49,8413.50762256,98C,0.310793269532,6.46813770288,697.649621093
50,12377.0134799,99G,0.346766525098,6.46813773089,717.75452876
51,16924.9192568,100C,0.344435631024,6.4681377323,737.155544914
52,14533.3600563,101C,0.26122520656,6.46813774054,757.712559998
53,11186.4282699,102A,0.209991705857,6.46926699385,778.224089752
54,8942.39206476,103A,0.220079049358,6.49651463413,799.69846254
55,5582.25830258,104T,0.236822092412,6.79568431706,820.737756655
56,3433.56847888,105A,0.213010532091,7.27039187918,842.925996659
57,4061.38519839,106G,0.247232175276,7.62086523976,866.849246768
58,4800.14310853,107G,0.216820092966,7.65771842434,890.173305373
59,6568.60117059,108A,0.226330691123,7.65771873965,912.838290762
60,11403.9414115,109T,0.208424518728,7.65771876069,937.898671768
61,13394.0332104,110T,0.209200643586,7.65771876631,962.733315848
62,14105.0521543,111A,0.237970483611,7.65771877213,986.953447125
63,14087.5041572,112C,0.202361616252,7.65771877722,1013.14516676
64,10176.1237533,113T,0.175014867102,7.65771877958,1039.58359333
65,6890.96177601,114T,-0.0199596991971,7.6577187827,1065.54198612
66,4846.3387591,115A,-0.0649121473125,7.70666630559,1092.31712367
67,3605.60583332,116C,-0.0903986238584,8.74850293126,1120.19953673
68,3818.75583106,117T,0.0318811407415,8.97923384061,1147.5465695
69,6982.46100789,118A,0.129101610094,8.97924516844,1175.10161325
70,10869.3721094,119G,0.189279586848,8.97924518641,1204.38291312
71,12379.5739613,120T,0.234357474788,8.97924518799,1233.43535813
72,14592.7785171,121C,0.159298536665,8.97924521038,1264.19671189
73,12162.9857908,122T,-0.100858846974,8.97924522429,1295.04917702
74,10251.4290667,123C,-0.138687249231,8.97924540868,1328.13380596
75,5936.41591546,124T,0.0171528443679,8.97924656995,1361.25006138
76,4417.06066211,125A,0.145500261074,9.1463517092,1393.50865257
77,4574.36037099,126G,0.219529323026,10.1257470046,1431.60627052
78,3857.75185645,127G,0.222332025802,10.7103357381,1467.76570022
79,6092.75736068,128C,0.21666438956,10.9990323095,1501.93975362
80,8429.67994282,129A,0.285486411894,11.5767633843,1537.5785808
81,13276.705082,130C,0.201854363269,11.8264426812,1573.22614513
82,12219.6599332,131G,0.281498551637,11.8264426865,1615.34123562
83,11756.1026014,132T,0.621301365263,11.8264426875,1654.61077346
84,8738.80032607,133G,1.07027155683,11.8264426972,1698.6830805
85,6560.33120394,134T,1.05967711655,11.8264427012,1738.3068042
86,4386.68052393,135A,0.434473200888,11.8264427125,1777.23608088
87,4033.21789767,136A,0.324317648465,12.6577293774,1818.33014589
88,5512.5707889,137G,0.190833268618,13.5815694659,1860.58382344
89,5952.2381313,138A,0.592780237404,13.5815694676,1905.82085164
90,5439.70480398,139T,2.40847798735,13.5815694845,1948.50576818
91,5851.82624081,140A,2.6714350078,13.5815695024,1992.92780784
92,5407.85249445,141T,3.1834127338,13.587036094,2039.75065226
93,3623.95717836,142A,2.68024331545,13.5870361057,2087.06408573
94,4249.05842152,143T,3.18800875369,13.5870361462,2132.51730148
