#Model fitted to experimental profiles on 10, Jul 2017, 13:31:05
#Profile name: gg_601_TS_b
#Fitted model type: Gaussian
#Fitting constraints:dSIGMA>=0
#Fitting errors:
#RMSD exp vs fit=76.093760
#Relative RMSD exp vs fit=3.155221 %
#Relative area RMSD=0.143714 %
#Max relative peak area error=0.315052 %
#Data column description
#Intensity - total deconvoluted intensity of each band (coefficient before Gaussian or Lorentzian function,area under the individual Gaussian/Lorentzian curve)
#Site - DNA site corresponding to the band (cleaved site)
#area_dev_percent - % difference in area under each peak between fitted curve and original data (the segment used to calculate are for each peak starts and ends at the midpoints between the neighboring peaks)
#sigma or gamma_2 - the width parameter of the functions modeling each band, sgima if Gaussain ,gamma/2 if Lorentzian
#x_0 - position of the Gaussian/Lorentzian modeling each band on the original profile
,Intensity,Site,area_dev_percent,sigma,x_0
0,194235.156961,53C,-0.218055526872,22.925359516,2555.47529646
1,204919.098311,54C,-0.0362721220886,22.9253595144,2491.42697821
2,205467.955158,55G,0.22139754067,22.9253594788,2429.2632314
3,215563.602635,56C,0.20762229548,22.9253594717,2359.83563855
4,186414.796605,57T,0.128631376898,22.9253414966,2302.31163186
5,135083.123627,58T,-0.0118841078121,22.9253414951,2237.57426668
6,102823.247691,59A,0.0644963702366,22.925341495,2172.744761
7,85522.7849957,60A,0.0761189934618,22.9253414918,2112.10577635
8,89372.8282246,61A,0.172697441252,22.9253414916,2050.81696375
9,121596.145183,62C,0.225894679245,22.9253414897,1991.91916083
10,151406.909397,63G,0.206555025699,22.925341473,1935.13460411
11,184489.971611,64C,0.25265404964,22.5475431958,1872.36849537
12,179540.146577,65A,0.206132575496,22.5475427344,1820.04237687
13,161386.034908,66C,0.190561421389,22.5475427344,1767.53759487
14,129199.84913,67G,0.190408320234,22.5475427338,1716.00146053
15,107435.524713,68T,0.272413098649,22.5475427338,1658.94056716
16,86119.8442649,69A,0.315052199175,22.547542733,1606.92237918
17,79809.6553525,70C,0.184706463876,22.5475423454,1557.5709069
18,85892.3157599,71G,0.129272153299,22.5389565563,1504.90609767
19,116138.116142,72C,0.280335880806,19.4271949006,1451.15824299
20,110981.677007,73G,0.280198168144,17.3499460537,1406.12492534
21,130864.694587,74C,0.206850385164,17.3197441438,1358.84838116
22,133785.455515,75T,0.167634310294,17.3197441201,1316.63412193
23,136954.045218,76G,0.114358959785,17.3197441199,1268.68931388
24,137170.666667,77T,0.102898930852,17.3197430417,1222.15775224
25,119891.453381,78C,0.113585199241,16.2879523227,1179.03141365
26,106302.989434,79C,0.155897350587,16.287952302,1140.69861206
27,80199.8343066,80C,0.1580294555,16.2879522985,1103.1560877
28,63312.8916868,81C,0.104749917187,16.2879522981,1065.31305076
29,61255.0387124,82C,0.132399740296,16.2879522958,1027.40212338
30,62108.2523424,83G,0.102805011894,16.2879511122,990.08054916
31,91426.1337981,84C,0.100717737417,16.0909164982,950.032635774
32,115894.052019,85G,0.092166435747,15.0225951519,912.4868819
33,150605.447117,86T,0.115272527048,14.7899530842,873.001630571
34,146888.654983,87T,0.111255004379,14.7899508561,835.273834812
35,117162.457887,88T,0.0962465978433,14.789937122,798.070204798
36,98465.260894,89T,0.109790574768,14.7898478773,761.886194975
37,70305.4420073,90A,0.151857593438,14.7898453036,728.103327195
38,62257.4373395,91A,0.0914986362072,14.786928801,697.122208062
39,66651.5145403,92C,0.0646952650507,14.0496667127,663.215846928
40,82896.2999483,93C,0.125567394687,13.1417747019,632.078959622
41,108798.133507,94G,0.0451202997892,13.0380524387,600.373035864
42,135585.473022,95C,0.0590394235008,12.9268865041,566.237971942
43,141643.492435,96C,0.0607146976261,12.926886504,536.948717188
44,127300.101531,97A,0.0256550101289,12.926886504,507.660661273
45,124404.629661,98A,0.041067120097,12.9268865039,477.792729286
46,109223.200533,99G,-0.000235509902266,12.9268864994,447.616258454
47,89475.8228747,100G,0.0221422722267,12.9268864993,416.980173785
48,71358.5770294,101G,-0.0198030766887,12.9268864984,387.072235317
49,63879.7821986,102G,-0.0320853247834,12.9268864984,354.707418153
50,61853.0766149,103A,0.0151809207832,12.9268864953,324.429444823
51,80678.8678967,104T,-0.00757899864551,12.728469046,294.498901544
52,95466.6430185,105T,-0.0323285379471,11.1162316678,266.195546178
53,111249.712261,106A,0.136879661377,10.9362742548,239.367272731
54,127451.103737,107C,0.0749593893928,10.9362742529,213.757575546
55,124307.667492,108T,-0.0238643424428,10.9362742529,188.987005258
56,114081.966876,109C,-0.033063718728,10.9362730146,162.539513023
57,101257.378994,110C,-0.0485785470506,10.9362730146,138.020862664
58,81110.8048172,111C,0.0687045283842,10.9362729936,113.043289432
59,61450.4072354,112T,-0.0354498570292,10.9362726827,87.9943336616
60,61621.2822888,113A,-0.166554786769,10.9360087105,62.2000119609
61,80433.5969139,114G,0.198466077949,10.9360079207,37.0285839039
