#Model fitted to experimental profiles on 10, Jul 2017, 13:31:51
#Profile name: gg_601_BS_b
#Fitted model type: Gaussian
#Fitting constraints:dSIGMA>=0
#Fitting errors:
#RMSD exp vs fit=33.399566
#Relative RMSD exp vs fit=6.094868 %
#Relative area RMSD=0.321921 %
#Max relative peak area error=1.499002 %
#Data column description
#Intensity - total deconvoluted intensity of each band (coefficient before Gaussian or Lorentzian function,area under the individual Gaussian/Lorentzian curve)
#Site - DNA site corresponding to the band (cleaved site)
#area_dev_percent - % difference in area under each peak between fitted curve and original data (the segment used to calculate are for each peak starts and ends at the midpoints between the neighboring peaks)
#sigma or gamma_2 - the width parameter of the functions modeling each band, sgima if Gaussain ,gamma/2 if Lorentzian
#x_0 - position of the Gaussian/Lorentzian modeling each band on the original profile
,Intensity,Site,area_dev_percent,sigma,x_0
0,52913.5412084,34C,-1.49900209747,22.354453842,2457.84204512
1,52803.2473531,35T,-0.528999813985,22.3544538395,2393.49731121
2,43466.6818519,36A,-0.653504639656,22.3544538394,2324.64584292
3,32539.5792091,37G,-0.392638806025,22.3544538382,2257.71449598
4,25115.1014773,38G,-0.161152381555,21.8473029318,2189.66680175
5,23940.8966917,39G,-0.195912057858,21.0342931921,2120.30634769
6,26334.6615157,40A,-0.0978878876414,21.0342931915,2053.12652231
7,36912.8248894,41G,-0.0301266971077,21.0342931809,1990.57177634
8,45863.716367,42T,0.0329085905444,21.0342931799,1925.30749317
9,49811.6644317,43A,-0.105405732078,21.0342931781,1864.23128101
10,53343.5444198,44A,-0.0764258948243,21.034293178,1803.71630698
11,48159.4853418,45T,0.0053360877582,21.0342931435,1747.16972374
12,37184.2981175,46C,0.000189345388792,21.0342931345,1686.41874999
13,29695.450221,47C,-0.0743294278321,21.0342931275,1632.62978885
14,22024.6674771,48C,0.322847094939,21.0342931275,1575.79259472
15,15541.0529193,49C,0.0749826113881,21.0342931272,1522.37920228
16,12998.8112004,50T,0.237139639598,21.0342931272,1460.80359058
17,25827.4706876,51T,0.0732567718589,21.0342931272,1406.71871636
18,36606.6400591,52G,0.150894750932,21.0342931271,1350.01833938
19,46142.2034546,53G,-0.0642407302881,20.0207365007,1296.72916086
20,49442.5752801,54C,0.0891803222545,18.6650238347,1246.50649544
21,48031.5547919,55G,0.144108803781,18.6650238286,1198.07863012
22,47860.7780875,56G,0.325293391691,18.6650238286,1147.87726538
23,36914.2416078,57T,0.232874316045,17.900703624,1098.2589483
24,27912.2202928,58T,0.339785314278,17.9007036166,1052.68040011
25,23224.1269559,59A,0.202517095335,17.9007036162,1010.10392041
26,23709.0280304,60A,0.319506468036,17.9006940805,966.832466542
27,27446.6362903,61A,0.252814693638,17.465862675,922.592836385
28,33959.6851912,62A,0.198959012597,17.4452438607,878.702670717
29,33636.0907116,63C,0.264538558914,17.4451725757,839.803550598
30,33336.4602483,64G,0.253496629239,16.6293026572,801.456233015
31,36556.4680528,65C,0.157176367414,16.5691600195,759.244753176
32,26901.7603049,66G,0.228218524685,15.5849962543,721.71512901
33,24717.2572624,67G,0.129966507965,15.584996253,679.444692123
34,18108.9296118,68G,0.256143941207,15.5849850005,638.141840331
35,13165.72925,69G,0.200614598051,14.5051423467,596.7187565
36,11886.2842905,70G,0.404941390348,13.7348144888,561.200941689
37,13433.657781,71A,0.408692103169,13.734814482,527.704851527
38,19139.053478,72C,0.307956615612,13.734772713,493.960716466
39,21792.5769485,73A,0.44662233194,13.7347727113,459.081477636
40,24563.267664,74G,0.337710145548,13.7347727099,423.949374777
41,28228.0114238,75C,0.259198816025,13.1370764523,388.727497486
42,28807.2250869,76G,0.333074564203,13.1369536833,355.402381813
43,29480.7750159,77C,0.237088615155,13.1369488652,319.644451499
44,23264.5929248,78G,0.190571348724,12.895717471,288.014860462
45,22758.7335302,79T,0.159957345918,12.8957174702,253.862387269
46,16252.5989554,80A,0.323526881371,12.8957153798,221.911620613
47,15528.4160596,81C,0.200139592869,12.8957153788,191.73519862
48,15385.2201448,82G,0.130452458536,12.6398028285,160.393204687
49,19344.0609199,83T,0.00211702688786,11.7143590718,130.5498599
50,24547.5739936,84G,0.0493407609054,11.7143543062,100.130691428
51,29371.3118792,85C,0.0543560319815,11.0689642031,70.685940174
52,31462.0415179,86G,-0.0186630753271,10.6656803236,43.831644327
