resid_0,Site_0,resid_1,Site_1,Unnamed: 0,H-SASA_0,H-SASA_1,Time
-71,1G,-71,1A,0,31.6120451778,34.2735128013,25
-70,2G,-70,2G,1,35.4259924069,31.4635787821,25
-69,3A,-69,3G,2,34.1019099102,33.7761838455,25
-68,4G,-68,4A,3,32.9142617465,31.8845597388,25
-67,5A,-67,5T,4,34.8905308248,36.6720948753,25
-66,6T,-66,6G,5,28.7983133529,24.832017367,25
-65,7A,-65,7T,6,12.2031686998,13.6197673434,25
-64,8C,-64,8A,7,27.7540925539,28.5235171659,25
-63,9C,-63,9T,8,28.726090346,33.0792948711,25
-62,10C,-62,10A,9,33.478239088,29.5035705938,25
-61,11G,-61,11T,10,35.5957875003,35.0905692614,25
-60,12G,-60,12A,11,33.7498697525,32.0102465259,25
-59,13T,-59,13T,12,34.862972926,35.4360675343,25
-58,14G,-58,14C,13,28.8382171901,34.13919515,25
-57,15C,-57,15T,14,29.0400755983,29.6199935464,25
-56,16T,-56,16T,15,33.855685778,32.5176242574,25
-55,17A,-55,17A,16,36.5546875719,34.1211777849,25
-54,18A,-54,18C,17,2.48802637883,0.946010444635,25
-53,19G,-53,19A,18,25.5115024986,23.4244539704,25
-52,20G,-52,20C,19,38.3916347055,39.0315262907,25
-51,21C,-51,21G,20,35.0789710941,34.8887130241,25
-50,22C,-50,22T,21,31.8074684154,29.3238134332,25
-49,23G,-49,23G,22,32.0458341214,33.1193409414,25
-48,24C,-48,24C,23,35.1243130659,36.527959209,25
-47,25T,-47,25C,24,28.9561060162,22.851460776,25
-46,26T,-46,26T,25,19.3331942563,17.4236775918,25
-45,27A,-45,27A,26,8.12337375043,10.2660576792,25
-44,28A,-44,28G,27,5.49985901192,10.4065812557,25
-43,29T,-43,29A,28,6.33078169297,8.55250798894,25
-42,30T,-42,30G,29,34.1571893204,33.6001744657,25
-41,31G,-41,31A,30,34.1196165034,34.7948157198,25
-40,32G,-40,32C,31,34.8524342622,34.4546221884,25
-39,33T,-39,33T,32,33.5195611037,32.517969577,25
-38,34C,-38,34A,33,32.2310871562,33.2714494323,25
-37,35G,-37,35G,34,27.2561180332,29.0973256657,25
-36,36T,-36,36T,35,28.8091238146,33.5447488718,25
-35,37A,-35,37A,36,8.26507259217,8.47136973604,25
-34,38G,-34,38A,37,11.0013723082,9.82646448972,25
-33,39C,-33,39G,38,31.998676293,32.9600271989,25
-32,40A,-32,40T,39,33.2118266251,32.3085228439,25
-31,41A,-31,41A,40,37.1750662814,36.7020215307,25
-30,42G,-30,42A,41,32.9445988163,41.0310561682,25
-29,43C,-29,43T,42,32.7873117655,31.3002080322,25
-28,44T,-28,44C,43,32.4593029256,27.7294097895,25
-27,45C,-27,45C,44,32.2715119315,28.3909036659,25
-26,46T,-26,46T,45,34.6966025627,35.9777682822,25
-25,47A,-25,47A,46,28.8237033495,28.615594429,25
-24,48G,-24,48T,47,1.25257420294,0.670096773769,25
-23,49C,-23,49T,48,12.0768133815,7.99034796854,25
-22,50A,-22,50G,49,31.9470255385,32.0147972298,25
-21,51C,-21,51G,50,35.0744228431,36.5695174691,25
-20,52C,-20,52C,51,34.3659557109,35.2160052303,25
-19,53G,-19,53G,52,34.5858621306,38.7538197071,25
-18,54C,-18,54G,53,35.593083915,34.9830953082,25
-17,55T,-17,55T,54,30.927043971,34.4168529988,25
-16,56T,-16,56T,55,26.3646197859,26.5832621796,25
-15,57A,-15,57A,56,35.9976366859,35.7150681302,25
-14,58A,-14,58A,57,17.7204931604,20.8630921261,25
-13,59A,-13,59A,58,7.98369124213,6.09709896605,25
-12,60C,-12,60A,59,31.332791494,18.6456028652,25
-11,61G,-11,61C,60,32.8779303506,34.7877381969,25
-10,62C,-10,62G,61,35.9078616574,32.8352130371,25
-9,63A,-9,63C,62,32.7937755985,33.3787377219,25
-8,64C,-8,64G,63,30.2208469421,32.4834933055,25
-7,65G,-7,65G,64,27.7195280264,29.2035815001,25
-6,66T,-6,66T,65,33.8754253788,35.1045699378,25
-5,67A,-5,67A,66,24.3648603248,22.6461905216,25
-4,68C,-4,68G,67,2.92491760535,2.8249708238,25
-3,69G,-3,69A,68,4.82243467918,4.10940870643,25
-2,70C,-2,70C,69,29.1443193055,31.6356972717,25
-1,71G,-1,71A,70,36.6270577549,35.3115321455,25
0,72C,0,72G,71,32.3282161136,33.4261445105,25
1,73T,1,73C,72,33.6464635201,32.0437539445,25
2,74G,2,74G,73,30.72466103,33.5525439476,25
3,75T,3,75C,74,36.3695819858,32.5226483629,25
4,76C,4,76G,75,31.6130050136,32.2048606159,25
5,77T,5,77T,76,28.8892479182,26.6740348802,25
6,78A,6,78A,77,30.6033964551,32.1482933219,25
7,79C,7,79C,78,3.02866926768,4.07816907782,25
8,80C,8,80G,79,3.52737723272,3.8766075412,25
9,81G,9,81T,80,13.7208869224,26.9385293536,25
10,82C,10,82G,81,35.6834606989,32.1602066812,25
11,83G,11,83C,82,39.7710227245,33.4432553949,25
12,84T,12,84G,83,32.6050088299,39.1004460361,25
13,85T,13,85T,84,36.4779712019,33.9000227187,25
14,86T,14,86T,85,29.4023947079,30.5022334926,25
15,87T,15,87T,86,20.5274517606,28.495036905,25
16,88A,16,88A,87,28.9074812734,31.0649596894,25
17,89A,17,89A,88,4.71354729436,4.35271560352,25
18,90C,18,90G,89,25.113192348,23.3256216431,25
19,91C,19,91C,90,35.6123443561,39.1844258218,25
20,92G,20,92G,91,30.9562519019,35.3485981086,25
21,93C,21,93G,92,34.6581969217,32.2565812031,25
22,94C,22,94T,93,35.6746243168,34.5815392805,25
23,95A,23,95G,94,31.9309800068,34.3447526789,25
24,96A,24,96C,95,32.991520489,30.7747780582,25
25,97T,25,97T,96,30.8929722722,27.1719809098,25
26,98A,26,98A,97,23.2694768742,33.1346979826,25
27,99G,27,99G,98,4.80966566242,4.57090294909,25
28,100G,28,100A,99,9.87272910919,7.15774828987,25
29,101A,29,101G,100,41.3868240657,32.6406290624,25
30,102T,30,102C,101,27.4065914477,25.5483956276,25
31,103T,31,103T,102,35.9370802116,33.0444818937,25
32,104A,32,104T,103,34.7777864018,38.1522623895,25
33,105C,33,105G,104,31.2459826671,33.1469683192,25
34,106T,34,106C,105,30.7841853057,29.7475574888,25
35,107T,35,107T,106,32.12931206,24.0492000368,25
36,108A,36,108A,107,33.0892589188,34.1568956917,25
37,109C,37,109C,108,26.5290208996,31.1014485003,25
38,110T,38,110G,109,1.89572793075,1.33526756065,25
39,111A,39,111A,110,7.92042693654,9.00106980877,25
40,112G,40,112C,111,31.8725489062,35.9355289134,25
41,113T,41,113C,112,36.8722804285,35.2860782255,25
42,114C,42,114A,113,33.2356054256,34.0827460167,25
43,115T,43,115A,114,33.2902639745,36.4468936794,25
44,116C,44,116T,115,33.0320050127,31.0770575955,25
45,117T,45,117T,116,27.7758687996,25.0597469861,25
46,118A,46,118A,117,33.870048056,26.0166103771,25
47,119G,47,119A,118,21.1058799349,13.659819666,25
48,120G,48,120G,119,8.61179626056,2.66508836877,25
49,121C,49,121C,120,3.09142035764,5.00258095225,25
50,122A,50,122G,121,10.9112391608,18.6792638193,25
51,123C,51,123G,122,34.6518329238,31.5498474332,25
52,124G,52,124C,123,31.3710649259,35.7242257795,25
53,125T,53,125C,124,33.1542589708,30.4777342619,25
54,126G,54,126T,125,34.5561457287,31.5677303646,25
55,127T,55,127T,126,28.3612240664,26.4025865556,25
56,128A,56,128A,127,34.6536466261,34.9299134704,25
57,129A,57,129G,128,8.91347252628,7.63374243193,25
58,130G,58,130C,129,6.85673300572,7.33049934136,25
59,131A,59,131A,130,37.1361327004,37.4023817846,25
60,132T,60,132C,131,36.3533443353,32.4185260766,25
61,133A,61,133C,132,31.1347785657,29.323724639,25
62,134T,62,134G,133,35.6130143011,40.8392564184,25
63,135A,63,135G,134,36.2922663578,36.6639446656,25
64,136T,64,136G,135,35.7826473714,35.8494883985,25
65,137A,65,137T,136,39.3758122556,33.2086969557,25
66,138C,66,138A,137,31.9676830729,26.1557144826,25
67,139A,67,139T,138,30.2856743465,34.2563194522,25
68,140T,68,140C,139,14.6068427145,37.4814554247,25
69,141C,69,141T,140,6.29625959513,20.6463949415,25
70,142C,70,142C,141,32.0490884414,27.8602271826,25
71,143T,71,143C,142,36.3288726517,36.7605698488,25
